{"stats":{"minecraft:mined":{"minecraft:white_bed":1,"minecraft:cherry_planks":13,"minecraft:cherry_log":206,"minecraft:crafting_table":2,"minecraft:torch":3,"minecraft:short_grass":14,"minecraft:grass_block":260,"minecraft:tall_grass":2,"minecraft:cobblestone":33,"minecraft:wall_torch":4,"minecraft:pink_petals":12,"minecraft:furnace":1,"minecraft:iron_ore":37,"minecraft:oak_log":6,"minecraft:coal_ore":89,"minecraft:cherry_leaves":252,"minecraft:sand":163,"minecraft:dirt":196,"minecraft:cobweb":1,"minecraft:stone":198,"minecraft:oak_leaves":1},"minecraft:broken":{"minecraft:stone_pickaxe":1,"minecraft:stone_axe":2,"minecraft:stone_shovel":4,"minecraft:stone_hoe":1,"minecraft:wooden_pickaxe":2},"minecraft:custom":{"minecraft:interact_with_furnace":36,"minecraft:mob_kills":34,"minecraft:interact_with_crafting_table":27,"minecraft:leave_game":4,"minecraft:time_since_death":155198,"minecraft:sleep_in_bed":5,"minecraft:time_since_rest":4824,"minecraft:sprint_one_cm":82704,"minecraft:damage_taken":1660,"minecraft:walk_one_cm":692922,"minecraft:drop":10,"minecraft:damage_dealt":4720,"minecraft:swim_one_cm":2567,"minecraft:fly_one_cm":117850,"minecraft:open_chest":52,"minecraft:crouch_one_cm":38373,"minecraft:play_time":155198,"minecraft:sneak_time":16006,"minecraft:walk_under_water_one_cm":22718,"minecraft:jump":2291,"minecraft:walk_on_water_one_cm":13452,"minecraft:total_world_time":155198,"minecraft:fall_one_cm":44892},"minecraft:used":{"minecraft:cooked_mutton":4,"minecraft:cherry_sapling":17,"minecraft:stone_sword":43,"minecraft:stone_pickaxe":247,"minecraft:stone_shovel":535,"minecraft:chest":10,"minecraft:wooden_pickaxe":118,"minecraft:cherry_planks":13,"minecraft:stone_hoe":131,"minecraft:cooked_salmon":5,"minecraft:cooked_chicken":1,"minecraft:torch":92,"minecraft:dirt":108,"minecraft:sand":3,"minecraft:crafting_table":4,"minecraft:white_bed":2,"minecraft:glass":52,"minecraft:wooden_axe":4,"minecraft:stone_axe":273,"minecraft:pink_petals":104,"minecraft:wooden_sword":33,"minecraft:cobblestone":147,"minecraft:furnace":7,"minecraft:cooked_porkchop":2,"minecraft:cooked_beef":8,"minecraft:cherry_log":2},"minecraft:dropped":{"minecraft:wheat_seeds":11,"minecraft:rotten_flesh":3,"minecraft:cobblestone":50,"minecraft:cherry_planks":15,"minecraft:arrow":4,"minecraft:pink_petals":128},"minecraft:crafted":{"minecraft:cherry_planks":100,"minecraft:wooden_sword":1,"minecraft:oak_planks":24,"minecraft:stone_shovel":4,"minecraft:crafting_table":1,"minecraft:wooden_pickaxe":2,"minecraft:baked_potato":1,"minecraft:furnace":6,"minecraft:stone_axe":3,"minecraft:pink_dye":3,"minecraft:air":0,"minecraft:glass":58,"minecraft:stick":48,"minecraft:stone_pickaxe":2,"minecraft:wooden_axe":1,"minecraft:stone_sword":1,"minecraft:chest":10,"minecraft:white_bed":1,"minecraft:torch":80,"minecraft:stone_hoe":1},"minecraft:picked_up":{"minecraft:pink_petals":332,"minecraft:crafting_table":3,"minecraft:cooked_beef":8,"minecraft:cherry_planks":65,"minecraft:salmon":4,"minecraft:leather":4,"minecraft:oak_log":6,"minecraft:dirt":516,"minecraft:string":3,"minecraft:cooked_salmon":5,"minecraft:cooked_mutton":4,"minecraft:bone":14,"minecraft:wheat_seeds":12,"minecraft:beef":5,"minecraft:cooked_chicken":1,"minecraft:furnace":1,"minecraft:stick":47,"minecraft:raw_iron":37,"minecraft:cooked_porkchop":2,"minecraft:torch":12,"minecraft:porkchop":5,"minecraft:sand":163,"minecraft:cherry_log":200,"minecraft:white_bed":1,"minecraft:spider_eye":1,"minecraft:arrow":17,"minecraft:rotten_flesh":8,"minecraft:cherry_sapling":79,"minecraft:bone_meal":1,"minecraft:mutton":4,"minecraft:coal":130,"minecraft:white_wool":3,"minecraft:cobblestone":301},"minecraft:killed":{"minecraft:pig":3,"minecraft:salmon":4,"minecraft:spider":1,"minecraft:creeper":1,"minecraft:sheep":3,"minecraft:skeleton":10,"minecraft:zombie":8,"minecraft:cow":3}},"DataVersion":3953}