{"stats":{"minecraft:broken":{"minecraft:stone_hoe":1,"minecraft:wooden_pickaxe":2,"minecraft:stone_pickaxe":2,"minecraft:iron_axe":2,"minecraft:wooden_sword":1,"minecraft:stone_axe":3,"minecraft:iron_pickaxe":1,"minecraft:wooden_axe":1,"minecraft:stone_shovel":4},"minecraft:mined":{"minecraft:diamond_ore":1,"minecraft:tuff":9,"minecraft:white_bed":1,"minecraft:deepslate_diamond_ore":35,"minecraft:cherry_log":425,"minecraft:cherry_sapling":2,"minecraft:stripped_cherry_log":60,"minecraft:grass_block":281,"minecraft:spawner":1,"minecraft:furnace":3,"minecraft:iron_ore":69,"minecraft:cobbled_deepslate":3,"minecraft:deepslate_iron_ore":50,"minecraft:rail":1,"minecraft:stone":219,"minecraft:cherry_planks":155,"minecraft:crafting_table":3,"minecraft:torch":15,"minecraft:short_grass":230,"minecraft:sculk_sensor":1,"minecraft:glass":1,"minecraft:tall_grass":22,"minecraft:cobblestone":55,"minecraft:deepslate_gold_ore":11,"minecraft:lapis_ore":3,"minecraft:sculk":12,"minecraft:wall_torch":11,"minecraft:pink_petals":76,"minecraft:chain":2,"minecraft:wheat":1,"minecraft:birch_leaves":2,"minecraft:cherry_door":2,"minecraft:oak_log":6,"minecraft:coal_ore":157,"minecraft:cherry_leaves":275,"minecraft:sand":163,"minecraft:dirt":200,"minecraft:cobweb":20,"minecraft:gold_ore":1,"minecraft:oak_leaves":1,"minecraft:deepslate":55},"minecraft:custom":{"minecraft:mob_kills":100,"minecraft:interact_with_crafting_table":73,"minecraft:leave_game":8,"minecraft:time_since_death":44311,"minecraft:sprint_one_cm":280478,"minecraft:walk_one_cm":1449525,"minecraft:drop":36,"minecraft:talked_to_villager":2,"minecraft:play_time":407879,"minecraft:deaths":1,"minecraft:sneak_time":38811,"minecraft:walk_under_water_one_cm":100845,"minecraft:boat_one_cm":349904,"minecraft:jump":5662,"minecraft:walk_on_water_one_cm":46870,"minecraft:total_world_time":407879,"minecraft:interact_with_furnace":67,"minecraft:sleep_in_bed":11,"minecraft:time_since_rest":44408,"minecraft:damage_taken":3531,"minecraft:damage_dealt":16575,"minecraft:swim_one_cm":19609,"minecraft:fly_one_cm":363235,"minecraft:open_chest":137,"minecraft:crouch_one_cm":114273,"minecraft:fall_one_cm":113044},"minecraft:used":{"minecraft:cherry_boat":4,"minecraft:cherry_sapling":42,"minecraft:stone_sword":61,"minecraft:stone_shovel":535,"minecraft:chest":10,"minecraft:iron_sword":78,"minecraft:cooked_salmon":6,"minecraft:cooked_chicken":1,"minecraft:stone_hoe":170,"minecraft:torch":286,"minecraft:dirt":157,"minecraft:carrot":1,"minecraft:tuff":2,"minecraft:glass":52,"minecraft:wooden_axe":57,"minecraft:iron_axe":472,"minecraft:furnace":9,"minecraft:cooked_beef":14,"minecraft:cobbled_deepslate":58,"minecraft:cherry_log":69,"minecraft:wheat_seeds":63,"minecraft:cooked_mutton":9,"minecraft:water_bucket":58,"minecraft:diorite":3,"minecraft:stone_pickaxe":266,"minecraft:baked_potato":1,"minecraft:wooden_pickaxe":118,"minecraft:cherry_planks":13,"minecraft:sand":3,"minecraft:crafting_table":5,"minecraft:white_bed":2,"minecraft:bread":2,"minecraft:iron_pickaxe":309,"minecraft:stone_axe":371,"minecraft:pink_petals":275,"minecraft:wooden_sword":43,"minecraft:cobblestone":177,"minecraft:cooked_porkchop":12,"minecraft:bucket":59},"minecraft:dropped":{"minecraft:iron_ingot":13,"minecraft:iron_sword":2,"minecraft:wheat_seeds":11,"minecraft:cherry_log":32,"minecraft:cobblestone":50,"minecraft:iron_helmet":1,"minecraft:dirt":2,"minecraft:cherry_planks":15,"minecraft:iron_leggings":1,"minecraft:iron_axe":2,"minecraft:iron_pickaxe":2,"minecraft:pink_petals":128,"minecraft:rotten_flesh":47,"minecraft:iron_boots":1,"minecraft:filled_map":1,"minecraft:shield":2,"minecraft:iron_chestplate":1,"minecraft:arrow":4},"minecraft:crafted":{"minecraft:cherry_planks":1324,"minecraft:wooden_sword":1,"minecraft:oak_planks":24,"minecraft:stone_shovel":4,"minecraft:cherry_slab":342,"minecraft:furnace":8,"minecraft:cherry_boat":1,"minecraft:pink_dye":3,"minecraft:glass":58,"minecraft:cherry_trapdoor":198,"minecraft:iron_boots":2,"minecraft:iron_axe":4,"minecraft:stone_pickaxe":2,"minecraft:chest":10,"minecraft:stone_hoe":2,"minecraft:cherry_fence":216,"minecraft:cherry_fence_gate":90,"minecraft:cooked_beef":8,"minecraft:crafting_table":2,"minecraft:wooden_pickaxe":2,"minecraft:baked_potato":1,"minecraft:iron_helmet":2,"minecraft:iron_sword":2,"minecraft:bucket":1,"minecraft:stone_axe":3,"minecraft:air":0,"minecraft:iron_chestplate":2,"minecraft:shield":1,"minecraft:stick":536,"minecraft:iron_ingot":133,"minecraft:iron_pickaxe":3,"minecraft:wooden_axe":1,"minecraft:stone_sword":1,"minecraft:gold_ingot":8,"minecraft:iron_leggings":2,"minecraft:white_bed":1,"minecraft:cherry_hanging_sign":54,"minecraft:torch":248},"minecraft:picked_up":{"minecraft:crafting_table":4,"minecraft:stripped_cherry_log":64,"minecraft:chain":2,"minecraft:shield":1,"minecraft:string":32,"minecraft:iron_axe":1,"minecraft:cooked_salmon":6,"minecraft:cherry_boat":4,"minecraft:cobbled_deepslate":74,"minecraft:beef":5,"minecraft:iron_pickaxe":1,"minecraft:furnace":3,"minecraft:stick":76,"minecraft:raw_iron":119,"minecraft:torch":71,"minecraft:porkchop":5,"minecraft:cherry_log":528,"minecraft:diorite":3,"minecraft:carrot":1,"minecraft:arrow":24,"minecraft:rotten_flesh":47,"minecraft:mutton":4,"minecraft:rail":2,"minecraft:white_wool":3,"minecraft:cobblestone":345,"minecraft:pink_petals":502,"minecraft:cooked_beef":12,"minecraft:cherry_planks":435,"minecraft:salmon":4,"minecraft:leather":4,"minecraft:tuff":9,"minecraft:oak_log":6,"minecraft:gunpowder":3,"minecraft:lapis_lazuli":19,"minecraft:dirt":567,"minecraft:cherry_door":4,"minecraft:cooked_mutton":9,"minecraft:bone":23,"minecraft:wheat_seeds":74,"minecraft:raw_gold":17,"minecraft:iron_ingot":13,"minecraft:cooked_chicken":1,"minecraft:cooked_porkchop":12,"minecraft:gravel":2,"minecraft:sand":163,"minecraft:white_bed":1,"minecraft:spider_eye":1,"minecraft:slime_ball":4,"minecraft:diamond":36,"minecraft:bone_meal":1,"minecraft:cherry_sapling":134,"minecraft:bread":1,"minecraft:coal":199},"minecraft:killed":{"minecraft:cave_spider":3,"minecraft:spider":8,"minecraft:slime":4,"minecraft:skeleton":19,"minecraft:pig":3,"minecraft:zombie_villager":3,"minecraft:salmon":4,"minecraft:bat":1,"minecraft:creeper":3,"minecraft:sheep":3,"minecraft:zombie":44,"minecraft:enderman":1,"minecraft:cow":3}},"DataVersion":3953}