{"stats":{"minecraft:broken":{"minecraft:stone_hoe":1,"minecraft:wooden_pickaxe":2,"minecraft:stone_pickaxe":2,"minecraft:iron_axe":1,"minecraft:stone_axe":3,"minecraft:wooden_axe":1,"minecraft:stone_shovel":4},"minecraft:mined":{"minecraft:white_bed":1,"minecraft:cherry_log":425,"minecraft:cherry_sapling":2,"minecraft:stripped_cherry_log":60,"minecraft:grass_block":279,"minecraft:furnace":1,"minecraft:iron_ore":37,"minecraft:stone":198,"minecraft:cherry_planks":155,"minecraft:crafting_table":2,"minecraft:torch":4,"minecraft:short_grass":230,"minecraft:glass":1,"minecraft:tall_grass":22,"minecraft:cobblestone":47,"minecraft:wall_torch":5,"minecraft:pink_petals":76,"minecraft:wheat":1,"minecraft:cherry_door":2,"minecraft:oak_log":6,"minecraft:coal_ore":89,"minecraft:cherry_leaves":275,"minecraft:sand":163,"minecraft:dirt":197,"minecraft:cobweb":1,"minecraft:oak_leaves":1},"minecraft:custom":{"minecraft:mob_kills":35,"minecraft:interact_with_crafting_table":68,"minecraft:leave_game":7,"minecraft:time_since_death":309109,"minecraft:sprint_one_cm":150880,"minecraft:walk_one_cm":1032123,"minecraft:drop":31,"minecraft:talked_to_villager":2,"minecraft:play_time":309109,"minecraft:sneak_time":20948,"minecraft:walk_under_water_one_cm":52008,"minecraft:boat_one_cm":313186,"minecraft:jump":3245,"minecraft:walk_on_water_one_cm":20419,"minecraft:total_world_time":309109,"minecraft:interact_with_furnace":45,"minecraft:sleep_in_bed":11,"minecraft:time_since_rest":27140,"minecraft:damage_taken":1949,"minecraft:damage_dealt":4980,"minecraft:swim_one_cm":14895,"minecraft:fly_one_cm":193598,"minecraft:open_chest":133,"minecraft:crouch_one_cm":51536,"minecraft:fall_one_cm":66607},"minecraft:used":{"minecraft:cherry_boat":1,"minecraft:cherry_sapling":42,"minecraft:stone_sword":48,"minecraft:stone_shovel":535,"minecraft:chest":10,"minecraft:iron_sword":1,"minecraft:cooked_salmon":6,"minecraft:stone_hoe":170,"minecraft:cooked_chicken":1,"minecraft:torch":93,"minecraft:dirt":143,"minecraft:glass":52,"minecraft:wooden_axe":57,"minecraft:iron_axe":323,"minecraft:furnace":7,"minecraft:cooked_beef":10,"minecraft:cherry_log":69,"minecraft:wheat_seeds":63,"minecraft:cooked_mutton":4,"minecraft:water_bucket":7,"minecraft:stone_pickaxe":266,"minecraft:baked_potato":1,"minecraft:wooden_pickaxe":118,"minecraft:cherry_planks":13,"minecraft:sand":3,"minecraft:crafting_table":4,"minecraft:white_bed":2,"minecraft:bread":1,"minecraft:stone_axe":356,"minecraft:pink_petals":275,"minecraft:wooden_sword":33,"minecraft:cobblestone":147,"minecraft:cooked_porkchop":2,"minecraft:bucket":8},"minecraft:dropped":{"minecraft:iron_sword":1,"minecraft:wheat_seeds":11,"minecraft:cherry_log":32,"minecraft:cobblestone":50,"minecraft:iron_helmet":1,"minecraft:dirt":2,"minecraft:cherry_planks":15,"minecraft:iron_leggings":1,"minecraft:iron_axe":2,"minecraft:iron_pickaxe":1,"minecraft:pink_petals":128,"minecraft:rotten_flesh":15,"minecraft:iron_boots":1,"minecraft:filled_map":1,"minecraft:shield":2,"minecraft:iron_chestplate":1,"minecraft:arrow":4},"minecraft:crafted":{"minecraft:cherry_planks":1324,"minecraft:wooden_sword":1,"minecraft:oak_planks":24,"minecraft:stone_shovel":4,"minecraft:cherry_slab":342,"minecraft:furnace":6,"minecraft:cherry_boat":1,"minecraft:pink_dye":3,"minecraft:glass":58,"minecraft:cherry_trapdoor":198,"minecraft:iron_boots":2,"minecraft:iron_axe":3,"minecraft:stone_pickaxe":2,"minecraft:chest":10,"minecraft:stone_hoe":2,"minecraft:cherry_fence":216,"minecraft:cherry_fence_gate":90,"minecraft:cooked_beef":8,"minecraft:crafting_table":1,"minecraft:wooden_pickaxe":2,"minecraft:baked_potato":1,"minecraft:iron_helmet":2,"minecraft:iron_sword":2,"minecraft:bucket":1,"minecraft:stone_axe":3,"minecraft:air":0,"minecraft:iron_chestplate":2,"minecraft:shield":1,"minecraft:stick":524,"minecraft:iron_ingot":65,"minecraft:iron_pickaxe":2,"minecraft:wooden_axe":1,"minecraft:stone_sword":1,"minecraft:iron_leggings":2,"minecraft:white_bed":1,"minecraft:cherry_hanging_sign":54,"minecraft:torch":80},"minecraft:picked_up":{"minecraft:crafting_table":3,"minecraft:stripped_cherry_log":64,"minecraft:shield":1,"minecraft:string":3,"minecraft:iron_axe":1,"minecraft:cooked_salmon":6,"minecraft:beef":5,"minecraft:furnace":1,"minecraft:stick":76,"minecraft:raw_iron":37,"minecraft:torch":46,"minecraft:porkchop":5,"minecraft:cherry_log":528,"minecraft:arrow":17,"minecraft:rotten_flesh":15,"minecraft:mutton":4,"minecraft:white_wool":3,"minecraft:cobblestone":315,"minecraft:pink_petals":502,"minecraft:cooked_beef":12,"minecraft:cherry_planks":435,"minecraft:salmon":4,"minecraft:leather":4,"minecraft:oak_log":6,"minecraft:dirt":553,"minecraft:cherry_door":4,"minecraft:cooked_mutton":9,"minecraft:bone":16,"minecraft:wheat_seeds":74,"minecraft:iron_ingot":13,"minecraft:cooked_chicken":1,"minecraft:cooked_porkchop":12,"minecraft:sand":163,"minecraft:white_bed":1,"minecraft:spider_eye":1,"minecraft:bone_meal":1,"minecraft:cherry_sapling":134,"minecraft:bread":1,"minecraft:coal":130},"minecraft:killed":{"minecraft:spider":1,"minecraft:skeleton":11,"minecraft:pig":3,"minecraft:salmon":4,"minecraft:creeper":1,"minecraft:sheep":3,"minecraft:zombie":8,"minecraft:cow":3}},"DataVersion":3953}