{"stats":{"minecraft:mined":{"minecraft:white_bed":1,"minecraft:cherry_planks":155,"minecraft:cherry_log":402,"minecraft:cherry_sapling":2,"minecraft:crafting_table":2,"minecraft:torch":4,"minecraft:short_grass":14,"minecraft:grass_block":279,"minecraft:glass":1,"minecraft:tall_grass":3,"minecraft:cobblestone":47,"minecraft:wall_torch":5,"minecraft:pink_petals":13,"minecraft:furnace":1,"minecraft:iron_ore":37,"minecraft:cherry_door":2,"minecraft:oak_log":6,"minecraft:coal_ore":89,"minecraft:cherry_leaves":272,"minecraft:sand":163,"minecraft:dirt":197,"minecraft:cobweb":1,"minecraft:stone":198,"minecraft:oak_leaves":1},"minecraft:broken":{"minecraft:stone_pickaxe":2,"minecraft:iron_axe":1,"minecraft:stone_axe":3,"minecraft:stone_shovel":4,"minecraft:stone_hoe":1,"minecraft:wooden_pickaxe":2},"minecraft:custom":{"minecraft:interact_with_furnace":44,"minecraft:mob_kills":34,"minecraft:interact_with_crafting_table":51,"minecraft:leave_game":4,"minecraft:time_since_death":245198,"minecraft:sleep_in_bed":8,"minecraft:time_since_rest":43751,"minecraft:sprint_one_cm":116344,"minecraft:damage_taken":1660,"minecraft:walk_one_cm":865953,"minecraft:drop":21,"minecraft:damage_dealt":4720,"minecraft:swim_one_cm":2567,"minecraft:fly_one_cm":151795,"minecraft:open_chest":100,"minecraft:crouch_one_cm":50807,"minecraft:play_time":245198,"minecraft:sneak_time":20126,"minecraft:walk_under_water_one_cm":22718,"minecraft:jump":2740,"minecraft:walk_on_water_one_cm":13452,"minecraft:total_world_time":245198,"minecraft:fall_one_cm":53184},"minecraft:used":{"minecraft:cooked_mutton":4,"minecraft:cherry_sapling":41,"minecraft:stone_sword":43,"minecraft:stone_pickaxe":266,"minecraft:stone_shovel":535,"minecraft:chest":10,"minecraft:wooden_pickaxe":118,"minecraft:cherry_planks":13,"minecraft:stone_hoe":131,"minecraft:cooked_salmon":6,"minecraft:cooked_chicken":1,"minecraft:torch":93,"minecraft:dirt":127,"minecraft:sand":3,"minecraft:crafting_table":4,"minecraft:white_bed":2,"minecraft:glass":52,"minecraft:wooden_axe":12,"minecraft:iron_axe":251,"minecraft:bread":1,"minecraft:stone_axe":356,"minecraft:pink_petals":104,"minecraft:wooden_sword":33,"minecraft:cobblestone":147,"minecraft:furnace":7,"minecraft:cooked_porkchop":2,"minecraft:cooked_beef":8,"minecraft:cherry_log":4},"minecraft:dropped":{"minecraft:iron_sword":1,"minecraft:wheat_seeds":11,"minecraft:cherry_log":32,"minecraft:iron_helmet":1,"minecraft:rotten_flesh":3,"minecraft:cobblestone":50,"minecraft:iron_boots":1,"minecraft:shield":2,"minecraft:iron_chestplate":1,"minecraft:cherry_planks":15,"minecraft:iron_leggings":1,"minecraft:iron_axe":2,"minecraft:arrow":4,"minecraft:iron_pickaxe":1,"minecraft:pink_petals":128},"minecraft:crafted":{"minecraft:cherry_planks":1236,"minecraft:wooden_sword":1,"minecraft:oak_planks":24,"minecraft:stone_shovel":4,"minecraft:cherry_slab":342,"minecraft:crafting_table":1,"minecraft:iron_sword":2,"minecraft:iron_helmet":2,"minecraft:wooden_pickaxe":2,"minecraft:baked_potato":1,"minecraft:furnace":6,"minecraft:stone_axe":3,"minecraft:pink_dye":3,"minecraft:air":0,"minecraft:cherry_trapdoor":198,"minecraft:glass":58,"minecraft:iron_boots":2,"minecraft:iron_chestplate":2,"minecraft:shield":1,"minecraft:iron_axe":2,"minecraft:stick":460,"minecraft:iron_ingot":65,"minecraft:iron_pickaxe":2,"minecraft:stone_pickaxe":2,"minecraft:wooden_axe":1,"minecraft:stone_sword":1,"minecraft:chest":10,"minecraft:iron_leggings":2,"minecraft:white_bed":1,"minecraft:torch":80,"minecraft:stone_hoe":1,"minecraft:cherry_fence":216,"minecraft:cherry_fence_gate":83},"minecraft:picked_up":{"minecraft:pink_petals":342,"minecraft:crafting_table":3,"minecraft:cooked_beef":8,"minecraft:cherry_planks":435,"minecraft:salmon":4,"minecraft:leather":4,"minecraft:oak_log":6,"minecraft:cherry_door":4,"minecraft:iron_axe":1,"minecraft:shield":1,"minecraft:dirt":536,"minecraft:string":3,"minecraft:cooked_salmon":6,"minecraft:cooked_mutton":4,"minecraft:bone":14,"minecraft:wheat_seeds":12,"minecraft:beef":5,"minecraft:cooked_chicken":1,"minecraft:furnace":1,"minecraft:stick":76,"minecraft:raw_iron":37,"minecraft:cooked_porkchop":2,"minecraft:torch":46,"minecraft:porkchop":5,"minecraft:sand":163,"minecraft:cherry_log":505,"minecraft:white_bed":1,"minecraft:spider_eye":1,"minecraft:arrow":17,"minecraft:rotten_flesh":9,"minecraft:cherry_sapling":134,"minecraft:bone_meal":1,"minecraft:bread":1,"minecraft:mutton":4,"minecraft:coal":130,"minecraft:white_wool":3,"minecraft:cobblestone":315},"minecraft:killed":{"minecraft:pig":3,"minecraft:salmon":4,"minecraft:spider":1,"minecraft:creeper":1,"minecraft:sheep":3,"minecraft:skeleton":10,"minecraft:zombie":8,"minecraft:cow":3}},"DataVersion":3953}