{"stats":{"minecraft:mined":{"minecraft:cherry_planks":5,"minecraft:mossy_cobblestone":57,"minecraft:cherry_log":54,"minecraft:oak_fence":2,"minecraft:crafting_table":5,"minecraft:torch":2,"minecraft:short_grass":144,"minecraft:granite":6,"minecraft:grass_block":204,"minecraft:glass":1,"minecraft:tall_grass":13,"minecraft:cobblestone":132,"minecraft:oak_planks":11,"minecraft:sugar_cane":4,"minecraft:wall_torch":9,"minecraft:pink_petals":9,"minecraft:furnace":1,"minecraft:iron_ore":37,"minecraft:cherry_door":1,"minecraft:oak_log":10,"minecraft:coal_ore":164,"minecraft:rail":1,"minecraft:cherry_leaves":3,"minecraft:sand":42,"minecraft:gravel":9,"minecraft:dirt":158,"minecraft:cobweb":2,"minecraft:stone":297,"minecraft:oak_leaves":9},"minecraft:broken":{"minecraft:stone_pickaxe":5,"minecraft:stone_axe":1,"minecraft:stone_shovel":2},"minecraft:killed_by":{"minecraft:skeleton":2,"minecraft:enderman":1},"minecraft:custom":{"minecraft:interact_with_furnace":37,"minecraft:mob_kills":27,"minecraft:interact_with_crafting_table":23,"minecraft:leave_game":3,"minecraft:time_since_death":26066,"minecraft:sleep_in_bed":3,"minecraft:time_since_rest":26136,"minecraft:sprint_one_cm":235843,"minecraft:damage_taken":2211,"minecraft:walk_one_cm":617110,"minecraft:drop":32,"minecraft:damage_dealt":3275,"minecraft:swim_one_cm":26093,"minecraft:fly_one_cm":145575,"minecraft:open_chest":10,"minecraft:crouch_one_cm":11818,"minecraft:play_time":132842,"minecraft:deaths":3,"minecraft:sneak_time":2243,"minecraft:walk_under_water_one_cm":12478,"minecraft:jump":1644,"minecraft:walk_on_water_one_cm":32673,"minecraft:total_world_time":132842,"minecraft:fall_one_cm":42629},"minecraft:used":{"minecraft:cooked_mutton":9,"minecraft:stone_sword":2,"minecraft:stone_pickaxe":672,"minecraft:stone_shovel":399,"minecraft:wooden_pickaxe":33,"minecraft:cherry_planks":163,"minecraft:cooked_salmon":4,"minecraft:cooked_chicken":2,"minecraft:wooden_shovel":12,"minecraft:torch":116,"minecraft:dirt":81,"minecraft:crafting_table":5,"minecraft:white_bed":1,"minecraft:granite":3,"minecraft:glass":42,"minecraft:wooden_axe":17,"minecraft:apple":1,"minecraft:cherry_door":12,"minecraft:stone_axe":142,"minecraft:pink_petals":212,"minecraft:cobblestone":322,"minecraft:furnace":1,"minecraft:cooked_porkchop":5},"minecraft:dropped":{"minecraft:cooked_chicken":1,"minecraft:crafting_table":1,"minecraft:cooked_porkchop":2,"minecraft:cobblestone":88,"minecraft:rotten_flesh":10,"minecraft:cooked_mutton":4,"minecraft:salmon":1,"minecraft:dirt":64,"minecraft:wooden_axe":3,"minecraft:cherry_planks":52,"minecraft:cooked_salmon":9,"minecraft:wooden_shovel":2,"minecraft:wooden_pickaxe":3},"minecraft:crafted":{"minecraft:cherry_planks":216,"minecraft:oak_planks":40,"minecraft:wooden_shovel":2,"minecraft:stone_shovel":4,"minecraft:cooked_porkchop":9,"minecraft:crafting_table":2,"minecraft:cooked_chicken":3,"minecraft:wooden_pickaxe":2,"minecraft:cooked_salmon":10,"minecraft:stone_axe":2,"minecraft:cooked_mutton":13,"minecraft:glass":144,"minecraft:stick":60,"minecraft:stone_pickaxe":6,"minecraft:wooden_axe":2,"minecraft:stone_sword":1,"minecraft:cherry_door":6,"minecraft:white_bed":1,"minecraft:torch":84},"minecraft:picked_up":{"minecraft:wooden_axe":1,"minecraft:pink_petals":212,"minecraft:crafting_table":5,"minecraft:feather":3,"minecraft:chicken":3,"minecraft:cherry_planks":20,"minecraft:salmon":7,"minecraft:leather":1,"minecraft:wooden_pickaxe":1,"minecraft:potato":1,"minecraft:oak_log":10,"minecraft:cherry_door":6,"minecraft:dirt":387,"minecraft:string":4,"minecraft:cooked_salmon":4,"minecraft:bone":2,"minecraft:apple":1,"minecraft:wheat_seeds":32,"minecraft:beef":3,"minecraft:sugar_cane":9,"minecraft:oak_planks":9,"minecraft:furnace":1,"minecraft:raw_iron":37,"minecraft:oak_fence":2,"minecraft:torch":16,"minecraft:gravel":9,"minecraft:porkchop":4,"minecraft:sand":42,"minecraft:cherry_log":54,"minecraft:mossy_cobblestone":57,"minecraft:arrow":2,"minecraft:rotten_flesh":10,"minecraft:granite":4,"minecraft:mutton":9,"minecraft:coal":161,"minecraft:white_wool":5,"minecraft:rail":3,"minecraft:cobblestone":474},"minecraft:killed":{"minecraft:pig":1,"minecraft:salmon":6,"minecraft:spider":1,"minecraft:sheep":6,"minecraft:skeleton":1,"minecraft:zombie":8,"minecraft:chicken":3,"minecraft:cow":1}},"DataVersion":3953}