{"stats":{"minecraft:broken":{"minecraft:stone_sword":1,"minecraft:stone_pickaxe":7,"minecraft:iron_axe":1,"minecraft:stone_axe":2,"minecraft:iron_sword":1,"minecraft:iron_pickaxe":1,"minecraft:stone_shovel":2},"minecraft:mined":{"minecraft:tuff":5,"minecraft:deepslate_diamond_ore":37,"minecraft:mossy_cobblestone":57,"minecraft:cherry_log":160,"minecraft:stripped_cherry_log":4,"minecraft:granite":14,"minecraft:allium":13,"minecraft:grass_block":209,"minecraft:tall_seagrass":1,"minecraft:furnace":1,"minecraft:iron_ore":97,"minecraft:andesite":12,"minecraft:deepslate_lapis_ore":2,"minecraft:deepslate_iron_ore":49,"minecraft:rail":1,"minecraft:stone":425,"minecraft:deepslate_redstone_ore":27,"minecraft:cherry_planks":5,"minecraft:oak_fence":2,"minecraft:crafting_table":7,"minecraft:torch":3,"minecraft:short_grass":292,"minecraft:calcite":3,"minecraft:glass":1,"minecraft:tall_grass":17,"minecraft:copper_ore":3,"minecraft:cobblestone":134,"minecraft:deepslate_gold_ore":11,"minecraft:sugar_cane":4,"minecraft:oak_planks":11,"minecraft:diorite":4,"minecraft:wall_torch":10,"minecraft:amethyst_block":2,"minecraft:pink_petals":114,"minecraft:chain":20,"minecraft:cherry_door":1,"minecraft:oak_log":14,"minecraft:coal_ore":360,"minecraft:cherry_leaves":172,"minecraft:gravel":11,"minecraft:sand":42,"minecraft:dirt":159,"minecraft:cobweb":5,"minecraft:smooth_basalt":2,"minecraft:oak_leaves":9,"minecraft:deepslate":132},"minecraft:killed_by":{"minecraft:enderman":1,"minecraft:skeleton":3},"minecraft:custom":{"minecraft:mob_kills":130,"minecraft:animals_bred":1,"minecraft:interact_with_crafting_table":40,"minecraft:leave_game":7,"minecraft:time_since_death":93445,"minecraft:sprint_one_cm":593758,"minecraft:walk_one_cm":1402034,"minecraft:damage_blocked_by_shield":1336,"minecraft:drop":69,"minecraft:talked_to_villager":1,"minecraft:play_time":351160,"minecraft:deaths":6,"minecraft:sneak_time":8120,"minecraft:walk_under_water_one_cm":70204,"minecraft:boat_one_cm":334608,"minecraft:jump":5400,"minecraft:walk_on_water_one_cm":110441,"minecraft:total_world_time":351160,"minecraft:interact_with_furnace":67,"minecraft:sleep_in_bed":7,"minecraft:time_since_rest":93493,"minecraft:damage_taken":5361,"minecraft:damage_dealt":19494,"minecraft:swim_one_cm":47081,"minecraft:fly_one_cm":569630,"minecraft:open_chest":82,"minecraft:crouch_one_cm":30590,"minecraft:fall_one_cm":146470},"minecraft:used":{"minecraft:cherry_boat":1,"minecraft:cherry_sapling":23,"minecraft:stone_sword":150,"minecraft:stone_shovel":405,"minecraft:shield":41,"minecraft:iron_sword":250,"minecraft:cooked_salmon":4,"minecraft:cooked_chicken":2,"minecraft:wooden_shovel":12,"minecraft:stone_hoe":203,"minecraft:torch":269,"minecraft:dirt":81,"minecraft:mutton":3,"minecraft:granite":8,"minecraft:obsidian":2,"minecraft:glass":42,"minecraft:wooden_axe":17,"minecraft:iron_axe":265,"minecraft:furnace":2,"minecraft:cooked_beef":4,"minecraft:wheat_seeds":20,"minecraft:cooked_mutton":29,"minecraft:water_bucket":9,"minecraft:stone_pickaxe":919,"minecraft:wooden_pickaxe":33,"minecraft:cherry_planks":163,"minecraft:glow_berries":3,"minecraft:golden_hoe":2,"minecraft:crafting_table":8,"minecraft:white_bed":1,"minecraft:apple":1,"minecraft:cherry_door":12,"minecraft:bread":3,"minecraft:iron_pickaxe":471,"minecraft:stone_axe":215,"minecraft:pink_petals":393,"minecraft:cobblestone":408,"minecraft:cooked_porkchop":13,"minecraft:cooked_rabbit":1,"minecraft:bucket":10},"minecraft:dropped":{"minecraft:iron_ingot":13,"minecraft:bread":1,"minecraft:wheat_seeds":51,"minecraft:cooked_beef":4,"minecraft:cherry_log":108,"minecraft:crafting_table":1,"minecraft:cooked_porkchop":12,"minecraft:cobblestone":88,"minecraft:granite":1,"minecraft:copper_ingot":1,"minecraft:coal":10,"minecraft:dirt":70,"minecraft:diorite":9,"minecraft:torch":27,"minecraft:wooden_axe":3,"minecraft:cooked_salmon":10,"minecraft:cherry_planks":280,"minecraft:iron_axe":1,"minecraft:string":3,"minecraft:cooked_chicken":1,"minecraft:cobbled_deepslate":3,"minecraft:stone_shovel":1,"minecraft:rotten_flesh":23,"minecraft:cooked_mutton":9,"minecraft:salmon":1,"minecraft:andesite":12,"minecraft:wooden_shovel":2,"minecraft:spider_eye":1,"minecraft:stripped_cherry_log":8,"minecraft:wooden_pickaxe":3,"minecraft:raw_gold":5},"minecraft:crafted":{"minecraft:cherry_planks":728,"minecraft:oak_planks":64,"minecraft:stone_shovel":4,"minecraft:cooked_chicken":3,"minecraft:furnace":1,"minecraft:cooked_mutton":38,"minecraft:glass":144,"minecraft:iron_axe":1,"minecraft:cherry_stairs":260,"minecraft:stone_pickaxe":7,"minecraft:stone_hoe":1,"minecraft:cooked_rabbit":1,"minecraft:cooked_beef":8,"minecraft:wooden_shovel":2,"minecraft:cooked_porkchop":31,"minecraft:crafting_table":2,"minecraft:wooden_pickaxe":2,"minecraft:cooked_salmon":10,"minecraft:bucket":1,"minecraft:stone_axe":2,"minecraft:air":0,"minecraft:stick":76,"minecraft:iron_pickaxe":1,"minecraft:iron_ingot":12,"minecraft:wooden_axe":2,"minecraft:stone_sword":1,"minecraft:cherry_door":6,"minecraft:white_bed":1,"minecraft:torch":236},"minecraft:picked_up":{"minecraft:wooden_axe":1,"minecraft:iron_chestplate":1,"minecraft:crafting_table":7,"minecraft:allium":12,"minecraft:chicken":3,"minecraft:lead":2,"minecraft:wooden_pickaxe":1,"minecraft:stripped_cherry_log":8,"minecraft:chain":18,"minecraft:shield":1,"minecraft:string":12,"minecraft:raw_copper":10,"minecraft:iron_axe":2,"minecraft:cooked_salmon":4,"minecraft:iron_leggings":1,"minecraft:cherry_boat":1,"minecraft:cobbled_deepslate":63,"minecraft:beef":19,"minecraft:iron_pickaxe":1,"minecraft:sugar_cane":9,"minecraft:iron_boots":1,"minecraft:furnace":1,"minecraft:stick":28,"minecraft:raw_iron":146,"minecraft:copper_ingot":1,"minecraft:oak_fence":2,"minecraft:torch":25,"minecraft:porkchop":26,"minecraft:cherry_log":194,"minecraft:diorite":10,"minecraft:redstone":123,"minecraft:arrow":10,"minecraft:rotten_flesh":25,"minecraft:mutton":37,"minecraft:rail":3,"minecraft:white_wool":22,"minecraft:cobblestone":592,"minecraft:pink_petals":460,"minecraft:feather":4,"minecraft:cherry_planks":20,"minecraft:andesite":24,"minecraft:salmon":7,"minecraft:leather":11,"minecraft:potato":1,"minecraft:filled_map":1,"minecraft:oak_log":16,"minecraft:gunpowder":2,"minecraft:lapis_lazuli":13,"minecraft:cherry_door":6,"minecraft:dirt":393,"minecraft:bone":5,"minecraft:apple":1,"minecraft:wheat_seeds":71,"minecraft:raw_gold":11,"minecraft:iron_ingot":14,"minecraft:rabbit":1,"minecraft:iron_sword":1,"minecraft:oak_planks":9,"minecraft:smooth_basalt":3,"minecraft:gravel":9,"minecraft:sand":42,"minecraft:spider_eye":1,"minecraft:mossy_cobblestone":57,"minecraft:diamond":37,"minecraft:iron_helmet":1,"minecraft:granite":13,"minecraft:cherry_sapling":23,"minecraft:black_wool":2,"minecraft:coal":356,"minecraft:ender_pearl":1},"minecraft:killed":{"minecraft:spider":7,"minecraft:skeleton":11,"minecraft:chicken":4,"minecraft:drowned":1,"minecraft:pig":12,"minecraft:salmon":6,"minecraft:rabbit":1,"minecraft:wandering_trader":1,"minecraft:sheep":25,"minecraft:trader_llama":2,"minecraft:zombie":46,"minecraft:enderman":2,"minecraft:cow":10}},"DataVersion":3953}