{"stats":{"minecraft:broken":{"minecraft:stone_pickaxe":5,"minecraft:stone_axe":2,"minecraft:stone_shovel":2},"minecraft:mined":{"minecraft:mossy_cobblestone":57,"minecraft:cherry_log":160,"minecraft:granite":8,"minecraft:allium":13,"minecraft:grass_block":204,"minecraft:furnace":1,"minecraft:iron_ore":65,"minecraft:rail":1,"minecraft:stone":306,"minecraft:cherry_planks":5,"minecraft:oak_fence":2,"minecraft:crafting_table":6,"minecraft:torch":2,"minecraft:short_grass":158,"minecraft:glass":1,"minecraft:tall_grass":16,"minecraft:cobblestone":133,"minecraft:sugar_cane":4,"minecraft:oak_planks":11,"minecraft:diorite":1,"minecraft:wall_torch":10,"minecraft:pink_petals":20,"minecraft:chain":20,"minecraft:cherry_door":1,"minecraft:coal_ore":185,"minecraft:oak_log":10,"minecraft:cherry_leaves":172,"minecraft:dirt":158,"minecraft:gravel":9,"minecraft:sand":42,"minecraft:cobweb":5,"minecraft:oak_leaves":9},"minecraft:killed_by":{"minecraft:enderman":1,"minecraft:skeleton":3},"minecraft:custom":{"minecraft:mob_kills":69,"minecraft:interact_with_crafting_table":33,"minecraft:leave_game":5,"minecraft:time_since_death":52009,"minecraft:sprint_one_cm":360996,"minecraft:walk_one_cm":833173,"minecraft:drop":43,"minecraft:play_time":196974,"minecraft:deaths":4,"minecraft:sneak_time":3155,"minecraft:walk_under_water_one_cm":13955,"minecraft:jump":2993,"minecraft:walk_on_water_one_cm":36100,"minecraft:total_world_time":196974,"minecraft:interact_with_furnace":55,"minecraft:sleep_in_bed":6,"minecraft:time_since_rest":8422,"minecraft:damage_taken":2611,"minecraft:damage_dealt":7224,"minecraft:swim_one_cm":26093,"minecraft:fly_one_cm":370572,"minecraft:open_chest":56,"minecraft:crouch_one_cm":15642,"minecraft:fall_one_cm":84476},"minecraft:used":{"minecraft:cherry_sapling":22,"minecraft:stone_sword":109,"minecraft:stone_shovel":399,"minecraft:wooden_shovel":12,"minecraft:cooked_salmon":4,"minecraft:cooked_chicken":2,"minecraft:torch":165,"minecraft:dirt":81,"minecraft:mutton":3,"minecraft:granite":3,"minecraft:glass":42,"minecraft:wooden_axe":17,"minecraft:iron_axe":89,"minecraft:furnace":1,"minecraft:cooked_mutton":9,"minecraft:stone_pickaxe":754,"minecraft:wooden_pickaxe":33,"minecraft:cherry_planks":163,"minecraft:glow_berries":3,"minecraft:crafting_table":6,"minecraft:white_bed":1,"minecraft:apple":1,"minecraft:cherry_door":12,"minecraft:bread":3,"minecraft:stone_axe":215,"minecraft:pink_petals":221,"minecraft:cobblestone":343,"minecraft:cooked_porkchop":9,"minecraft:cooked_rabbit":1},"minecraft:dropped":{"minecraft:bread":1,"minecraft:cherry_log":108,"minecraft:crafting_table":1,"minecraft:cooked_porkchop":2,"minecraft:cobblestone":88,"minecraft:dirt":64,"minecraft:torch":27,"minecraft:wooden_axe":3,"minecraft:cherry_planks":280,"minecraft:cooked_salmon":10,"minecraft:iron_axe":1,"minecraft:cooked_chicken":1,"minecraft:rotten_flesh":10,"minecraft:cooked_mutton":4,"minecraft:salmon":1,"minecraft:wooden_shovel":2,"minecraft:wooden_pickaxe":3},"minecraft:crafted":{"minecraft:cherry_planks":728,"minecraft:oak_planks":40,"minecraft:stone_shovel":4,"minecraft:cooked_chicken":3,"minecraft:cooked_mutton":22,"minecraft:glass":144,"minecraft:iron_axe":1,"minecraft:cherry_stairs":260,"minecraft:stone_pickaxe":6,"minecraft:cooked_rabbit":1,"minecraft:wooden_shovel":2,"minecraft:cooked_porkchop":12,"minecraft:crafting_table":2,"minecraft:wooden_pickaxe":2,"minecraft:cooked_salmon":10,"minecraft:stone_axe":2,"minecraft:stick":76,"minecraft:iron_ingot":8,"minecraft:wooden_axe":2,"minecraft:stone_sword":1,"minecraft:cherry_door":6,"minecraft:white_bed":1,"minecraft:torch":148},"minecraft:picked_up":{"minecraft:wooden_axe":1,"minecraft:crafting_table":6,"minecraft:iron_chestplate":1,"minecraft:allium":12,"minecraft:chicken":3,"minecraft:wooden_pickaxe":1,"minecraft:chain":18,"minecraft:shield":1,"minecraft:string":9,"minecraft:cooked_salmon":4,"minecraft:iron_axe":2,"minecraft:iron_leggings":1,"minecraft:beef":19,"minecraft:iron_pickaxe":1,"minecraft:sugar_cane":9,"minecraft:iron_boots":1,"minecraft:furnace":1,"minecraft:raw_iron":65,"minecraft:stick":26,"minecraft:oak_fence":2,"minecraft:torch":19,"minecraft:porkchop":26,"minecraft:cherry_log":194,"minecraft:diorite":1,"minecraft:arrow":5,"minecraft:rotten_flesh":10,"minecraft:mutton":37,"minecraft:rail":3,"minecraft:white_wool":22,"minecraft:cobblestone":484,"minecraft:pink_petals":242,"minecraft:feather":3,"minecraft:cherry_planks":20,"minecraft:salmon":7,"minecraft:leather":9,"minecraft:potato":1,"minecraft:oak_log":10,"minecraft:gunpowder":2,"minecraft:cherry_door":6,"minecraft:dirt":387,"minecraft:bone":2,"minecraft:apple":1,"minecraft:wheat_seeds":34,"minecraft:rabbit":1,"minecraft:oak_planks":9,"minecraft:iron_sword":1,"minecraft:gravel":9,"minecraft:sand":42,"minecraft:mossy_cobblestone":57,"minecraft:iron_helmet":1,"minecraft:granite":7,"minecraft:cherry_sapling":22,"minecraft:black_wool":2,"minecraft:coal":185},"minecraft:killed":{"minecraft:spider":2,"minecraft:skeleton":2,"minecraft:chicken":3,"minecraft:pig":12,"minecraft:salmon":6,"minecraft:rabbit":1,"minecraft:sheep":25,"minecraft:zombie":8,"minecraft:cow":10}},"DataVersion":3953}