{"stats":{"minecraft:mined":{"minecraft:cherry_planks":5,"minecraft:mossy_cobblestone":57,"minecraft:cherry_log":160,"minecraft:oak_fence":2,"minecraft:crafting_table":6,"minecraft:torch":2,"minecraft:short_grass":156,"minecraft:granite":8,"minecraft:grass_block":204,"minecraft:glass":1,"minecraft:tall_grass":15,"minecraft:cobblestone":133,"minecraft:oak_planks":11,"minecraft:sugar_cane":4,"minecraft:diorite":1,"minecraft:wall_torch":10,"minecraft:pink_petals":20,"minecraft:chain":20,"minecraft:furnace":1,"minecraft:iron_ore":65,"minecraft:cherry_door":1,"minecraft:oak_log":10,"minecraft:coal_ore":185,"minecraft:rail":1,"minecraft:cherry_leaves":172,"minecraft:sand":42,"minecraft:gravel":9,"minecraft:dirt":158,"minecraft:cobweb":5,"minecraft:stone":306,"minecraft:oak_leaves":9},"minecraft:broken":{"minecraft:stone_pickaxe":5,"minecraft:stone_axe":2,"minecraft:stone_shovel":2},"minecraft:killed_by":{"minecraft:skeleton":3,"minecraft:enderman":1},"minecraft:custom":{"minecraft:interact_with_furnace":49,"minecraft:mob_kills":55,"minecraft:interact_with_crafting_table":25,"minecraft:leave_game":4,"minecraft:time_since_death":35850,"minecraft:sleep_in_bed":5,"minecraft:time_since_rest":10439,"minecraft:sprint_one_cm":330141,"minecraft:damage_taken":2600,"minecraft:walk_one_cm":791762,"minecraft:drop":36,"minecraft:damage_dealt":5934,"minecraft:swim_one_cm":26093,"minecraft:fly_one_cm":322257,"minecraft:open_chest":38,"minecraft:crouch_one_cm":15642,"minecraft:play_time":180815,"minecraft:deaths":4,"minecraft:sneak_time":3152,"minecraft:walk_under_water_one_cm":12774,"minecraft:jump":2644,"minecraft:walk_on_water_one_cm":35469,"minecraft:total_world_time":180815,"minecraft:fall_one_cm":76741},"minecraft:used":{"minecraft:cooked_mutton":9,"minecraft:cherry_sapling":22,"minecraft:stone_sword":66,"minecraft:stone_pickaxe":754,"minecraft:stone_shovel":399,"minecraft:wooden_pickaxe":33,"minecraft:cherry_planks":163,"minecraft:cooked_salmon":4,"minecraft:cooked_chicken":2,"minecraft:wooden_shovel":12,"minecraft:torch":165,"minecraft:glow_berries":3,"minecraft:dirt":81,"minecraft:crafting_table":6,"minecraft:white_bed":1,"minecraft:granite":3,"minecraft:glass":42,"minecraft:wooden_axe":17,"minecraft:apple":1,"minecraft:cherry_door":12,"minecraft:iron_axe":89,"minecraft:bread":3,"minecraft:stone_axe":215,"minecraft:pink_petals":221,"minecraft:cobblestone":343,"minecraft:furnace":1,"minecraft:cooked_porkchop":7},"minecraft:crafted":{"minecraft:cherry_planks":216,"minecraft:oak_planks":40,"minecraft:wooden_shovel":2,"minecraft:stone_shovel":4,"minecraft:cooked_porkchop":9,"minecraft:crafting_table":2,"minecraft:cooked_chicken":3,"minecraft:wooden_pickaxe":2,"minecraft:cooked_salmon":10,"minecraft:stone_axe":2,"minecraft:cooked_mutton":13,"minecraft:glass":144,"minecraft:iron_axe":1,"minecraft:stick":76,"minecraft:iron_ingot":8,"minecraft:stone_pickaxe":6,"minecraft:wooden_axe":2,"minecraft:stone_sword":1,"minecraft:cherry_door":6,"minecraft:white_bed":1,"minecraft:torch":148},"minecraft:dropped":{"minecraft:bread":1,"minecraft:cherry_log":108,"minecraft:cooked_chicken":1,"minecraft:crafting_table":1,"minecraft:cooked_porkchop":2,"minecraft:cobblestone":88,"minecraft:rotten_flesh":10,"minecraft:cooked_mutton":4,"minecraft:salmon":1,"minecraft:dirt":64,"minecraft:wooden_axe":3,"minecraft:cherry_planks":52,"minecraft:cooked_salmon":10,"minecraft:wooden_shovel":2,"minecraft:wooden_pickaxe":3},"minecraft:picked_up":{"minecraft:wooden_axe":1,"minecraft:iron_chestplate":1,"minecraft:pink_petals":242,"minecraft:crafting_table":6,"minecraft:feather":3,"minecraft:chicken":3,"minecraft:cherry_planks":20,"minecraft:salmon":7,"minecraft:leather":7,"minecraft:wooden_pickaxe":1,"minecraft:potato":1,"minecraft:shield":1,"minecraft:oak_log":10,"minecraft:iron_axe":1,"minecraft:chain":18,"minecraft:gunpowder":2,"minecraft:cherry_door":6,"minecraft:dirt":387,"minecraft:string":9,"minecraft:cooked_salmon":4,"minecraft:iron_leggings":1,"minecraft:bone":2,"minecraft:apple":1,"minecraft:wheat_seeds":34,"minecraft:beef":11,"minecraft:iron_pickaxe":1,"minecraft:rabbit":1,"minecraft:sugar_cane":9,"minecraft:iron_sword":1,"minecraft:oak_planks":9,"minecraft:iron_boots":1,"minecraft:furnace":1,"minecraft:stick":26,"minecraft:raw_iron":65,"minecraft:oak_fence":2,"minecraft:torch":18,"minecraft:gravel":9,"minecraft:porkchop":13,"minecraft:sand":42,"minecraft:cherry_log":162,"minecraft:diorite":1,"minecraft:mossy_cobblestone":57,"minecraft:arrow":5,"minecraft:rotten_flesh":10,"minecraft:iron_helmet":1,"minecraft:granite":7,"minecraft:cherry_sapling":22,"minecraft:black_wool":2,"minecraft:mutton":32,"minecraft:coal":185,"minecraft:white_wool":19,"minecraft:rail":3,"minecraft:cobblestone":484},"minecraft:killed":{"minecraft:pig":6,"minecraft:salmon":6,"minecraft:rabbit":1,"minecraft:spider":2,"minecraft:sheep":22,"minecraft:skeleton":2,"minecraft:zombie":8,"minecraft:chicken":3,"minecraft:cow":5}},"DataVersion":3953}