{"stats":{"minecraft:broken":{"minecraft:stone_pickaxe":5,"minecraft:stone_axe":2,"minecraft:stone_shovel":2},"minecraft:mined":{"minecraft:mossy_cobblestone":57,"minecraft:cherry_log":160,"minecraft:stripped_cherry_log":4,"minecraft:granite":8,"minecraft:allium":13,"minecraft:grass_block":208,"minecraft:tall_seagrass":1,"minecraft:furnace":1,"minecraft:iron_ore":65,"minecraft:rail":1,"minecraft:stone":306,"minecraft:cherry_planks":5,"minecraft:oak_fence":2,"minecraft:crafting_table":6,"minecraft:torch":2,"minecraft:short_grass":292,"minecraft:glass":1,"minecraft:tall_grass":17,"minecraft:cobblestone":133,"minecraft:sugar_cane":4,"minecraft:oak_planks":11,"minecraft:diorite":1,"minecraft:wall_torch":10,"minecraft:pink_petals":114,"minecraft:chain":20,"minecraft:cherry_door":1,"minecraft:oak_log":10,"minecraft:coal_ore":185,"minecraft:cherry_leaves":172,"minecraft:gravel":9,"minecraft:sand":42,"minecraft:dirt":158,"minecraft:cobweb":5,"minecraft:oak_leaves":9},"minecraft:killed_by":{"minecraft:enderman":1,"minecraft:skeleton":3},"minecraft:custom":{"minecraft:mob_kills":72,"minecraft:animals_bred":1,"minecraft:interact_with_crafting_table":37,"minecraft:leave_game":5,"minecraft:time_since_death":15232,"minecraft:sprint_one_cm":421147,"minecraft:walk_one_cm":972014,"minecraft:drop":52,"minecraft:talked_to_villager":1,"minecraft:play_time":238747,"minecraft:deaths":5,"minecraft:sneak_time":3383,"minecraft:walk_under_water_one_cm":38880,"minecraft:boat_one_cm":290375,"minecraft:jump":3430,"minecraft:walk_on_water_one_cm":48285,"minecraft:total_world_time":238747,"minecraft:interact_with_furnace":60,"minecraft:sleep_in_bed":7,"minecraft:time_since_rest":15259,"minecraft:damage_taken":3081,"minecraft:damage_dealt":7846,"minecraft:swim_one_cm":37264,"minecraft:fly_one_cm":402216,"minecraft:open_chest":77,"minecraft:crouch_one_cm":15920,"minecraft:fall_one_cm":100160},"minecraft:used":{"minecraft:cherry_boat":1,"minecraft:cherry_sapling":23,"minecraft:stone_sword":109,"minecraft:stone_shovel":403,"minecraft:stone_hoe":203,"minecraft:wooden_shovel":12,"minecraft:cooked_salmon":4,"minecraft:cooked_chicken":2,"minecraft:torch":165,"minecraft:dirt":81,"minecraft:mutton":3,"minecraft:granite":3,"minecraft:obsidian":2,"minecraft:glass":42,"minecraft:wooden_axe":17,"minecraft:iron_axe":142,"minecraft:furnace":1,"minecraft:wheat_seeds":20,"minecraft:cooked_mutton":10,"minecraft:water_bucket":7,"minecraft:stone_pickaxe":754,"minecraft:wooden_pickaxe":33,"minecraft:cherry_planks":163,"minecraft:glow_berries":3,"minecraft:crafting_table":6,"minecraft:white_bed":1,"minecraft:apple":1,"minecraft:cherry_door":12,"minecraft:bread":3,"minecraft:stone_axe":215,"minecraft:pink_petals":393,"minecraft:cobblestone":343,"minecraft:cooked_porkchop":10,"minecraft:cooked_rabbit":1,"minecraft:bucket":8},"minecraft:crafted":{"minecraft:cherry_planks":728,"minecraft:oak_planks":40,"minecraft:stone_shovel":4,"minecraft:cooked_chicken":3,"minecraft:cooked_mutton":22,"minecraft:glass":144,"minecraft:iron_axe":1,"minecraft:cherry_stairs":260,"minecraft:stone_pickaxe":6,"minecraft:stone_hoe":1,"minecraft:cooked_rabbit":1,"minecraft:cooked_beef":8,"minecraft:wooden_shovel":2,"minecraft:cooked_porkchop":31,"minecraft:crafting_table":2,"minecraft:wooden_pickaxe":2,"minecraft:cooked_salmon":10,"minecraft:bucket":1,"minecraft:stone_axe":2,"minecraft:stick":76,"minecraft:iron_ingot":8,"minecraft:wooden_axe":2,"minecraft:stone_sword":1,"minecraft:cherry_door":6,"minecraft:white_bed":1,"minecraft:torch":148},"minecraft:dropped":{"minecraft:iron_ingot":13,"minecraft:bread":1,"minecraft:wheat_seeds":51,"minecraft:cooked_beef":4,"minecraft:cherry_log":108,"minecraft:crafting_table":1,"minecraft:cooked_porkchop":12,"minecraft:cobblestone":88,"minecraft:dirt":64,"minecraft:torch":27,"minecraft:wooden_axe":3,"minecraft:cherry_planks":280,"minecraft:cooked_salmon":10,"minecraft:iron_axe":1,"minecraft:cooked_chicken":1,"minecraft:rotten_flesh":10,"minecraft:cooked_mutton":9,"minecraft:salmon":1,"minecraft:wooden_shovel":2,"minecraft:stripped_cherry_log":8,"minecraft:wooden_pickaxe":3},"minecraft:picked_up":{"minecraft:wooden_axe":1,"minecraft:crafting_table":6,"minecraft:iron_chestplate":1,"minecraft:allium":12,"minecraft:chicken":3,"minecraft:lead":2,"minecraft:wooden_pickaxe":1,"minecraft:stripped_cherry_log":8,"minecraft:chain":18,"minecraft:shield":1,"minecraft:string":9,"minecraft:iron_axe":2,"minecraft:cooked_salmon":4,"minecraft:iron_leggings":1,"minecraft:cherry_boat":1,"minecraft:beef":19,"minecraft:iron_pickaxe":1,"minecraft:sugar_cane":9,"minecraft:iron_boots":1,"minecraft:furnace":1,"minecraft:stick":28,"minecraft:raw_iron":65,"minecraft:oak_fence":2,"minecraft:torch":19,"minecraft:porkchop":26,"minecraft:cherry_log":194,"minecraft:diorite":1,"minecraft:arrow":5,"minecraft:rotten_flesh":10,"minecraft:mutton":37,"minecraft:rail":3,"minecraft:white_wool":22,"minecraft:cobblestone":484,"minecraft:pink_petals":460,"minecraft:feather":3,"minecraft:cherry_planks":20,"minecraft:salmon":7,"minecraft:leather":11,"minecraft:potato":1,"minecraft:filled_map":1,"minecraft:oak_log":10,"minecraft:gunpowder":2,"minecraft:cherry_door":6,"minecraft:dirt":391,"minecraft:bone":2,"minecraft:apple":1,"minecraft:wheat_seeds":71,"minecraft:rabbit":1,"minecraft:oak_planks":9,"minecraft:iron_sword":1,"minecraft:gravel":9,"minecraft:sand":42,"minecraft:mossy_cobblestone":57,"minecraft:iron_helmet":1,"minecraft:granite":7,"minecraft:cherry_sapling":23,"minecraft:black_wool":2,"minecraft:coal":185},"minecraft:killed":{"minecraft:spider":2,"minecraft:skeleton":2,"minecraft:chicken":3,"minecraft:pig":12,"minecraft:salmon":6,"minecraft:rabbit":1,"minecraft:wandering_trader":1,"minecraft:sheep":25,"minecraft:trader_llama":2,"minecraft:zombie":8,"minecraft:cow":10}},"DataVersion":3953}