{"stats":{"minecraft:mined":{"minecraft:cherry_planks":5,"minecraft:mossy_cobblestone":57,"minecraft:cherry_log":54,"minecraft:oak_fence":2,"minecraft:crafting_table":5,"minecraft:torch":2,"minecraft:short_grass":144,"minecraft:granite":8,"minecraft:grass_block":204,"minecraft:glass":1,"minecraft:tall_grass":13,"minecraft:cobblestone":133,"minecraft:oak_planks":11,"minecraft:sugar_cane":4,"minecraft:diorite":1,"minecraft:wall_torch":9,"minecraft:pink_petals":9,"minecraft:chain":20,"minecraft:furnace":1,"minecraft:iron_ore":65,"minecraft:cherry_door":1,"minecraft:oak_log":10,"minecraft:coal_ore":185,"minecraft:rail":1,"minecraft:cherry_leaves":3,"minecraft:sand":42,"minecraft:gravel":9,"minecraft:dirt":158,"minecraft:cobweb":5,"minecraft:stone":306,"minecraft:oak_leaves":9},"minecraft:broken":{"minecraft:stone_pickaxe":5,"minecraft:stone_axe":1,"minecraft:stone_shovel":2},"minecraft:killed_by":{"minecraft:skeleton":3,"minecraft:enderman":1},"minecraft:custom":{"minecraft:interact_with_furnace":41,"minecraft:mob_kills":29,"minecraft:interact_with_crafting_table":24,"minecraft:leave_game":4,"minecraft:time_since_death":3718,"minecraft:sleep_in_bed":3,"minecraft:time_since_rest":3746,"minecraft:sprint_one_cm":242635,"minecraft:damage_taken":2421,"minecraft:walk_one_cm":680541,"minecraft:drop":32,"minecraft:damage_dealt":3674,"minecraft:swim_one_cm":26093,"minecraft:fly_one_cm":148805,"minecraft:open_chest":31,"minecraft:crouch_one_cm":15642,"minecraft:play_time":148683,"minecraft:deaths":4,"minecraft:sneak_time":3152,"minecraft:walk_under_water_one_cm":12478,"minecraft:jump":1732,"minecraft:walk_on_water_one_cm":33163,"minecraft:total_world_time":148683,"minecraft:fall_one_cm":44555},"minecraft:used":{"minecraft:cooked_mutton":9,"minecraft:stone_sword":5,"minecraft:stone_pickaxe":754,"minecraft:stone_shovel":399,"minecraft:wooden_pickaxe":33,"minecraft:cherry_planks":163,"minecraft:cooked_salmon":4,"minecraft:cooked_chicken":2,"minecraft:wooden_shovel":12,"minecraft:torch":142,"minecraft:dirt":81,"minecraft:crafting_table":5,"minecraft:white_bed":1,"minecraft:granite":3,"minecraft:glass":42,"minecraft:wooden_axe":17,"minecraft:apple":1,"minecraft:cherry_door":12,"minecraft:stone_axe":149,"minecraft:pink_petals":212,"minecraft:cobblestone":343,"minecraft:furnace":1,"minecraft:cooked_porkchop":5},"minecraft:dropped":{"minecraft:cooked_chicken":1,"minecraft:crafting_table":1,"minecraft:cooked_porkchop":2,"minecraft:cobblestone":88,"minecraft:rotten_flesh":10,"minecraft:cooked_mutton":4,"minecraft:salmon":1,"minecraft:dirt":64,"minecraft:wooden_axe":3,"minecraft:cherry_planks":52,"minecraft:cooked_salmon":9,"minecraft:wooden_shovel":2,"minecraft:wooden_pickaxe":3},"minecraft:crafted":{"minecraft:cherry_planks":216,"minecraft:oak_planks":40,"minecraft:wooden_shovel":2,"minecraft:stone_shovel":4,"minecraft:cooked_porkchop":9,"minecraft:crafting_table":2,"minecraft:cooked_chicken":3,"minecraft:wooden_pickaxe":2,"minecraft:cooked_salmon":10,"minecraft:stone_axe":2,"minecraft:cooked_mutton":13,"minecraft:glass":144,"minecraft:stick":76,"minecraft:iron_ingot":8,"minecraft:stone_pickaxe":6,"minecraft:wooden_axe":2,"minecraft:stone_sword":1,"minecraft:cherry_door":6,"minecraft:white_bed":1,"minecraft:torch":148},"minecraft:picked_up":{"minecraft:wooden_axe":1,"minecraft:pink_petals":212,"minecraft:crafting_table":5,"minecraft:feather":3,"minecraft:chicken":3,"minecraft:cherry_planks":20,"minecraft:salmon":7,"minecraft:leather":1,"minecraft:wooden_pickaxe":1,"minecraft:potato":1,"minecraft:oak_log":10,"minecraft:chain":18,"minecraft:gunpowder":2,"minecraft:cherry_door":6,"minecraft:dirt":387,"minecraft:string":9,"minecraft:cooked_salmon":4,"minecraft:bone":2,"minecraft:apple":1,"minecraft:wheat_seeds":32,"minecraft:beef":3,"minecraft:sugar_cane":9,"minecraft:oak_planks":9,"minecraft:furnace":1,"minecraft:raw_iron":65,"minecraft:oak_fence":2,"minecraft:torch":17,"minecraft:gravel":9,"minecraft:porkchop":4,"minecraft:sand":42,"minecraft:cherry_log":54,"minecraft:diorite":1,"minecraft:mossy_cobblestone":57,"minecraft:arrow":4,"minecraft:rotten_flesh":10,"minecraft:granite":7,"minecraft:mutton":9,"minecraft:coal":185,"minecraft:white_wool":5,"minecraft:rail":3,"minecraft:cobblestone":484},"minecraft:killed":{"minecraft:pig":1,"minecraft:salmon":6,"minecraft:spider":2,"minecraft:sheep":6,"minecraft:skeleton":2,"minecraft:zombie":8,"minecraft:chicken":3,"minecraft:cow":1}},"DataVersion":3953}